{
  "name": "christkey_wrapped_truth",
  "voice1": "lyrical_base",
  "voice2": "alan_watts",
  "ratio": 0.3,
  "phi_ratio": 0.45278640450004204,
  "speech_rate": 125.24690303349846,
  "pause_base": 0.4562564700416982,
  "energy_dynamic_range": 0.2905572809000085,
  "prosody_config": {
    "pause_after_sacred": 0.4641640786499874,
    "emphasis_level": 1.3358359213500126,
    "pitch_variation": 0.1905572809000084,
    "rate_variation": 0.9905572809000085,
    "phi_cadence": true
  },
  "style_signature": "doja_lyrics_watts_philosophy"
}