{
  "name": "user_doja_alan_watts_0.20",
  "voice1": "user_doja",
  "voice2": "alan_watts",
  "ratio": 0.2,
  "phi_ratio": 0.42917960675006317,
  "speech_rate": 126.33838853899758,
  "pause_base": 0.5432017771583691,
  "energy_dynamic_range": 0.4570820393249937,
  "prosody_config": {
    "pause_after_sacred": 0.47124611797498106,
    "emphasis_level": 1.328753882025019,
    "pitch_variation": 0.18583592135001265,
    "rate_variation": 0.9858359213500127,
    "phi_cadence": true
  }
}