{
  "voice_name": "alan_watts_doja_moo_0.70",
  "prosody": {
    "pause_after_sacred": 0.4358359213500126,
    "emphasis_level": 1.3641640786499873,
    "pitch_variation": 0.2094427190999916,
    "rate_variation": 1.0094427190999915,
    "phi_cadence": true
  },
  "piper_params": {
    "length_scale": 1.1614179211161624,
    "noise_scale": 0.667,
    "noise_w": 0.8
  }
}